<?xml version="1.0" encoding="utf-8"?>
<layer-list xmlns:android="http://schemas.android.com/apk/res/android">
    <item>
        <shape android:shape="rectangle">
            <corners android:radius="4dp"/>
            <gradient android:startColor="#00ffffff" android:endColor="#00ac0000" android:angle="0" android:centerColor="@color/red_bg_queue_smi_dialog"/>
        </shape>
    </item>
    <item>
        <shape android:shape="rectangle">
            <stroke android:width="1dp" android:color="@color/color_FFDED8"/>
            <corners android:radius="4dp"/>
        </shape>
    </item>
</layer-list>
